Address,URL,Last sold,Price paid,Floor area,£ per square metre,Type,Beds,Tenure,Plot size
"51, Cloverfields, CW1 5AL","https://housemetric.co.uk/30430832/CW1-5AL/51","Mar 2025",387000,131,2954,"Detached","4","Freehold",333
"164, Middlewich Road, CW11 1JD","https://housemetric.co.uk/30439906/CW11-1JD/164","Mar 2025",540000,145,3724,"Detached","3","Freehold",768
"126, Waterloo Road, CW1 5TA","https://housemetric.co.uk/30430815/CW1-5TA/126","Mar 2025",228000,119,1915,"Semi-D","3","Freehold",215
"19, Newton Bank, CW10 9EX","https://housemetric.co.uk/30467245/CW10-9EX/19","Mar 2025",100000,76,1315,"Terrace","2","Freehold",124
"37, Beechfield Drive, CW10 9QE","https://housemetric.co.uk/30474568/CW10-9QE/37","Mar 2025",175000,55,3181,"Terrace","2","Freehold",117
"19, Langley Drive, CW2 8LP","https://housemetric.co.uk/30435079/CW2-8LP/19","Mar 2025",195000,77,2532,"Semi-D","3","Freehold",191
"8, Bradwall Street, CW11 1GJ","https://housemetric.co.uk/30439932/CW11-1GJ/8","Mar 2025",265000,67,3955,"Semi-D","3","Freehold",206
"76, James Atkinson Way, CW1 3NU","https://housemetric.co.uk/30442337/CW1-3NU/76","Mar 2025",335000,140,2392,"Detached","4","Freehold",285
"18, Hesketh Croft, CW1 4RY","https://housemetric.co.uk/30450562/CW1-4RY/18","Mar 2025",265000,94,2819,"Detached","3","Freehold",305
"213, Alton Street, CW2 7PU","https://housemetric.co.uk/30470960/CW2-7PU/213","Mar 2025",200000,83,2409,"Terrace","3","Freehold",
"15, Lunt Avenue, CW2 7LZ","https://housemetric.co.uk/30442559/CW2-7LZ/15","Mar 2025",124000,89,1393,"Terrace","2","Freehold",114
"2, Portland Grove, CW1 5TY","https://housemetric.co.uk/30435065/CW1-5TY/2","Mar 2025",215000,71,3028,"Semi-D","3","Freehold",326
"9, London Road, CW11 3BD","https://housemetric.co.uk/30445602/CW11-3BD/9","Mar 2025",565000,239,2364,"Detached","2","Freehold",
"16, Mardale Court, CW4 7JP","https://housemetric.co.uk/30459658/CW4-7JP/16","Mar 2025",270000,54,5000,"Detached Bungalow","2","Freehold",302
"202, Broad Street, CW1 3UB","https://housemetric.co.uk/30463502/CW1-3UB/202","Mar 2025",144000,88,1636,"Terrace","2","Freehold",
"81, Manor Road, CW11 2ND","https://housemetric.co.uk/30434866/CW11-2ND/81","Mar 2025",335000,117,2863,"Semi-D","3","Freehold",308
"3, Hassall Road, CW11 4HQ","https://housemetric.co.uk/30449877/CW11-4HQ/3","Mar 2025",240000,71,3380,"Semi-D","3","Freehold",207
"6, Venables Way, CW10 0RR","https://housemetric.co.uk/30453648/CW10-0RR/6","Mar 2025",250000,75,3333,"Detached","3","Freehold",231
"18, Morgan Close, CW2 7UJ","https://housemetric.co.uk/30434860/CW2-7UJ/18","Mar 2025",72000,38,1894,"Flat","1","Freehold",
"2, Coppice Drive, CW10 0TB","https://housemetric.co.uk/30437666/CW10-0TB/2","Mar 2025",380000,124,3064,"Detached","4","Freehold",472
"25, Moston Road, CW11 3GL","https://housemetric.co.uk/30437695/CW11-3GL/25","Mar 2025",241500,82,2945,"Terrace","3","Freehold",260
"17, Woodend Close, CW10 0DZ","https://housemetric.co.uk/30439914/CW10-0DZ/17","Mar 2025",155000,67,2313,"Terrace","2","Freehold",163
"13, Smithfield Lane, CW11 4JA","https://housemetric.co.uk/30439924/CW11-4JA/13","Mar 2025",665000,217,3064,"Detached Bungalow","4","Freehold",1326
"102, Ludlow Avenue, CW1 6DY","https://housemetric.co.uk/30430844/CW1-6DY/102","Mar 2025",205000,57,3596,"Semi-D Bungalow","2","Freehold",313
"11, Newtons Crescent, CW11 4TS","https://housemetric.co.uk/30430814/CW11-4TS/11","Mar 2025",440000,155,2838,"Detached","3","Freehold",653
"25, Neville Street, CW2 6LA","https://housemetric.co.uk/30437643/CW2-6LA/25","Mar 2025",170000,78,2179,"Semi-D","3","Freehold",192
"7, Offley Road, CW11 1GY","https://housemetric.co.uk/30439958/CW11-1GY/7","Mar 2025",915000,252,3630,"Detached","3","Freehold",1616
"3, The Locks, CW10 9PD","https://housemetric.co.uk/30439965/CW10-9PD/3","Mar 2025",200000,82,2439,"Terrace Bungalow","2","Freehold",
"12, William Foden Close, CW11 3SE","https://housemetric.co.uk/30445633/CW11-3SE/12","Mar 2025",290000,131,2213,"Semi-D","4","Freehold",
"13, Heathfield Avenue, CW1 3BA","https://housemetric.co.uk/30470968/CW1-3BA/13","Mar 2025",140000,196,714,"Terrace","2","Freehold",133
"86, Manor Way, CW2 6JX","https://housemetric.co.uk/30437641/CW2-6JX/86","Feb 2025",195000,91,2142,"Semi-D","3","Freehold",281
"15, Grosvenor Avenue, ST7 2BZ","https://housemetric.co.uk/30442512/ST7-2BZ/15","Feb 2025",380000,94,4042,"Detached","3","Freehold",478
"2, Fowler Close, CW2 6BN","https://housemetric.co.uk/30452134/CW2-6BN/2","Feb 2025",144000,59,2440,"Terrace","3","Freehold",
"84, Bessancourt, CW4 7NB","https://housemetric.co.uk/30455697/CW4-7NB/84","Feb 2025",255000,56,4553,"Terrace","2","Freehold",115
"16, Long Lane, CW10 0BL","https://housemetric.co.uk/30456537/CW10-0BL/16","Feb 2025",260000,95,2736,"Semi-D","2","Freehold",403
"4, Cornmill Close, CW11 3NH","https://housemetric.co.uk/30456871/CW11-3NH/4","Feb 2025",692500,284,2438,"Detached","7","Freehold",874
"96, Nelson Street, CW2 7LN","https://housemetric.co.uk/30460840/CW2-7LN/96","Feb 2025",135000,101,1336,"Terrace","3","Freehold",162
"118, West Street, CW1 3HG","https://housemetric.co.uk/30467242/CW1-3HG/118","Feb 2025",115000,43,2674,"Terrace","1","Freehold",
"261, Broad Street, CW1 4JJ","https://housemetric.co.uk/30470953/CW1-4JJ/261","Feb 2025",108000,65,1661,"Terrace","2","Freehold",73
"48, Hughes Drive, CW2 7UA","https://housemetric.co.uk/30434849/CW2-7UA/48","Feb 2025",170000,64,2656,"Semi-D","3","Freehold",165
"3, Langley Drive, CW2 8LP","https://housemetric.co.uk/30435077/CW2-8LP/3","Feb 2025",295000,121,2438,"Detached","4","Freehold",306
"11, Condliffe Close, CW11 4HP","https://housemetric.co.uk/30437653/CW11-4HP/11","Feb 2025",186000,54,3444,"Terrace","2","Freehold",174
"37, Buxton Avenue, CW1 6EU","https://housemetric.co.uk/30437679/CW1-6EU/37","Feb 2025",145000,102,1421,"Terrace","3","Freehold",115
"87, Marshfield Avenue, CW2 8TE","https://housemetric.co.uk/30447974/CW2-8TE/87","Feb 2025",175000,84,2083,"Semi-D","3","Freehold",297
"11, Woodland Gardens, CW1 4JS","https://housemetric.co.uk/30450552/CW1-4JS/11","Feb 2025",220500,79,2791,"Detached","3","Freehold",376
"176, Middlewich Road, CW11 1JD","https://housemetric.co.uk/30462740/CW11-1JD/176","Feb 2025",392500,128,3066,"Semi-D","4","Freehold",627
"8, Eaton Close, CW11 1HS","https://housemetric.co.uk/30470141/CW11-1HS/8","Feb 2025",510000,99,5151,"Detached","2","Freehold",562
"23, Davenham Way, CW10 0SW","https://housemetric.co.uk/30380031/CW10-0SW/23","Feb 2025",235000,103,2281,"Semi-D","3","Freehold",228
"73, James Atkinson Way, CW1 3NX","https://housemetric.co.uk/30437691/CW1-3NX/73","Feb 2025",330000,115,2869,"Detached","4","Freehold",315
"St Andrews School House, Crewe Road, CW1 5QU","https://housemetric.co.uk/30367060/CW1-5QU/St+Andrews+School+House","Feb 2025",425000,236,1800,"Semi-D","4","Freehold",
"161, Underwood Lane, CW1 3SB","https://housemetric.co.uk/30471071/CW1-3SB/161","Feb 2025",120000,97,1237,"Terrace","3","Freehold",154
"9, Dee Close, CW11 1XJ","https://housemetric.co.uk/30474541/CW11-1XJ/9","Feb 2025",215000,61,3524,"Detached Bungalow","2","Freehold",239
"13, The Dingle, CW1 5RY","https://housemetric.co.uk/30368035/CW1-5RY/13","Feb 2025",555000,147,3775,"Detached","4","Freehold",1527
"1, Monarch Close, CW2 7UF","https://housemetric.co.uk/30370408/CW2-7UF/1","Feb 2025",30000,71,422,"Terrace","3","Freehold",
"1, Heath Avenue, ST7 3RY","https://housemetric.co.uk/30435043/ST7-3RY/1","Feb 2025",252000,95,2652,"Semi-D","3","Freehold",319
"1, Carlisle Street, CW2 7NX","https://housemetric.co.uk/30470950/CW2-7NX/1","Feb 2025",130000,93,1397,"Terrace","3","Freehold",112
"158, Wistaston Road, CW2 7RJ","https://housemetric.co.uk/30447971/CW2-7RJ/158","Feb 2025",155000,97,1597,"Terrace","2","Freehold",91
"25, Heathend Road, ST7 2SQ","https://housemetric.co.uk/30367076/ST7-2SQ/25","Feb 2025",375000,127,2952,"Semi-D","4","Freehold",451
"15, Rowan Close, CW10 0TA","https://housemetric.co.uk/30378540/CW10-0TA/15","Feb 2025",145000,56,2589,"Semi-D","2","Freehold",102
"18, Selkirk Drive, CW4 7LJ","https://housemetric.co.uk/30382889/CW4-7LJ/18","Feb 2025",290000,69,4202,"Semi-D","3","Freehold",175
"401, Crewe Road, CW11 4RS","https://housemetric.co.uk/30430806/CW11-4RS/401","Feb 2025",163500,63,2595,"Terrace","2","Freehold",69
"10, Middlewich Street, CW1 4BS","https://housemetric.co.uk/30433238/CW1-4BS/10","Feb 2025",107000,82,1304,"Terrace","2","Freehold",73
"97, Portree Drive, CW4 7JF","https://housemetric.co.uk/30447967/CW4-7JF/97","Feb 2025",390000,101,3861,"Detached","3","Freehold",286
"6, Boothsmere Close, CW11 1FA","https://housemetric.co.uk/30453335/CW11-1FA/6","Feb 2025",415000,131,3167,"Detached","4","Freehold",287
"14, Chestnut Drive, CW4 7QE","https://housemetric.co.uk/30474564/CW4-7QE/14","Feb 2025",417500,105,3976,"Detached","4","Freehold",302
"25, Coniston Drive, CW4 7LA","https://housemetric.co.uk/30368816/CW4-7LA/25","Feb 2025",455000,157,2898,"Detached","4","Freehold",458
"58, Mills Way, CW1 4TG","https://housemetric.co.uk/30379279/CW1-4TG/58","Feb 2025",343000,174,1971,"Detached","4","Freehold",352
"49, Kestrel Drive, CW1 3YX","https://housemetric.co.uk/30455917/CW1-3YX/49","Feb 2025",125000,41,3048,"Terrace","1","Freehold",279
"58, Gresty Road, CW2 6DY","https://housemetric.co.uk/30470146/CW2-6DY/58","Feb 2025",105000,66,1590,"Terrace","2","Freehold",66
"53, Moreton Road, CW2 8QT","https://housemetric.co.uk/30374943/CW2-8QT/53","Feb 2025",156000,76,2052,"Semi-D","2","Freehold",279
"8, Lunt Avenue, CW2 7LZ","https://housemetric.co.uk/30453356/CW2-7LZ/8","Feb 2025",122000,80,1525,"Terrace","2","Freehold",97
"39, Ridgway Street, CW1 4BY","https://housemetric.co.uk/30467243/CW1-4BY/39","Feb 2025",85000,81,1049,"Terrace","2","Freehold",75
"8, Heathwood Drive, ST7 2HW","https://housemetric.co.uk/30367088/ST7-2HW/8","Feb 2025",210000,60,3500,"Semi-D Bungalow","2","Freehold",353
"33, Westbourne Avenue, CW1 3QP","https://housemetric.co.uk/30369540/CW1-3QP/33","Feb 2025",200000,64,3125,"Detached Bungalow","4","Freehold",352
"10, Pool View, CW11 4QZ","https://housemetric.co.uk/30379276/CW11-4QZ/10","Feb 2025",630000,266,2368,"Detached","3","Freehold",640
"30, Leicester Avenue, ST7 2BS","https://housemetric.co.uk/30456535/ST7-2BS/30","Feb 2025",400000,156,2564,"Detached","4","Freehold",507
"21, Cranfield Drive, ST7 2LQ","https://housemetric.co.uk/30368820/ST7-2LQ/21","Feb 2025",342500,109,3142,"Detached","4","Freehold",282
"30, Redwood Drive, CW1 3GS","https://housemetric.co.uk/30375259/CW1-3GS/30","Feb 2025",195000,109,1788,"Terrace","4","Freehold",113
"41, Needham Drive, CW4 8FB","https://housemetric.co.uk/30370407/CW4-8FB/41","Feb 2025",590000,165,3575,"Detached","4","Freehold",795
"18, Thatch Close, CW4 8GF","https://housemetric.co.uk/30376639/CW4-8GF/18","Feb 2025",530000,133,3984,"Detached","","Freehold",
"30, Coleridge Close, CW11 3NN","https://housemetric.co.uk/30437462/CW11-3NN/30","Feb 2025",262000,76,3447,"Semi-D","3","Freehold",250
"23, Beltony Drive, CW1 4TX","https://housemetric.co.uk/30442315/CW1-4TX/23","Feb 2025",180000,77,2337,"Semi-D","3","Freehold",
"71, Ramsbottom Street, CW1 3AN","https://housemetric.co.uk/30469098/CW1-3AN/71","Feb 2025",22750,73,311,"Terrace","2","Freehold",74
"4, Bessemer Way, CW1 3ZG","https://housemetric.co.uk/30371916/CW1-3ZG/4","Feb 2025",165000,70,2357,"Semi-D","","Freehold",131
"178, Henry Street, CW1 4BG","https://housemetric.co.uk/30372770/CW1-4BG/178","Feb 2025",176000,94,1872,"Terrace","2","Freehold",135
"4, Eaton Close, CW11 1HS","https://housemetric.co.uk/30377140/CW11-1HS/4","Feb 2025",370000,76,4868,"Detached Bungalow","2","Freehold",538
"17, Stanier Close, CW1 5GP","https://housemetric.co.uk/30388880/CW1-5GP/17","Feb 2025",295000,201,1467,"Detached","1","Freehold",450
"29, Mellor Street, CW1 4DB","https://housemetric.co.uk/30368499/CW1-4DB/29","Feb 2025",110000,79,1392,"Terrace","3","Freehold",101
"101, Ernest Street, CW2 6JZ","https://housemetric.co.uk/30377082/CW2-6JZ/101","Feb 2025",185000,81,2283,"Semi-D","3","Freehold",220
"85, Hall O'shaw Street, CW1 4AD","https://housemetric.co.uk/30378058/CW1-4AD/85","Feb 2025",129500,68,1904,"Terrace","2","Freehold",90
"18, Kingswood Crescent, CW10 0RP","https://housemetric.co.uk/30378553/CW10-0RP/18","Feb 2025",271000,90,3011,"Detached","3","Freehold",475
"14, Walthall Street, CW2 7JZ","https://housemetric.co.uk/30388877/CW2-7JZ/14","Feb 2025",94050,66,1425,"Terrace","2","Freehold",67
"8, Coleridge Close, CW11 3NN","https://housemetric.co.uk/30437450/CW11-3NN/8","Feb 2025",190000,56,3392,"Semi-D","3","Freehold",173
"52, Albion Street, CW2 8NG","https://housemetric.co.uk/30442553/CW2-8NG/52","Feb 2025",173000,90,1922,"Terrace","3","Freehold",179
"20, Stanhope Avenue, CW1 6ED","https://housemetric.co.uk/30369550/CW1-6ED/20","Feb 2025",240000,70,3428,"Detached Bungalow","2","Freehold",428
"7, Alsager Road, CW11 4RG","https://housemetric.co.uk/30372358/CW11-4RG/7","Feb 2025",295000,106,2783,"Terrace","2","Freehold",314
"21, Culland Street, CW2 6DQ","https://housemetric.co.uk/30378066/CW2-6DQ/21","Feb 2025",118500,80,1481,"Terrace","2","Freehold",89
"15, Gowy Close, ST7 2HX","https://housemetric.co.uk/30381214/ST7-2HX/15","Feb 2025",208000,74,2810,"Semi-D","3","Freehold",
"28, Arley Walk, CW11 3ZN","https://housemetric.co.uk/30365975/CW11-3ZN/28","Feb 2025",305000,104,2932,"Detached","3","Freehold",260
"605, West Street, CW2 8SH","https://housemetric.co.uk/30368812/CW2-8SH/605","Feb 2025",275000,84,3273,"Detached","4","Freehold",
"10, Russet Close, CW10 9EP","https://housemetric.co.uk/30450567/CW10-9EP/10","Feb 2025",140000,54,2592,"Terrace Bungalow","2","Freehold",
"28, Coleridge Close, CW11 3NN","https://housemetric.co.uk/30370401/CW11-3NN/28","Jan 2025",240000,68,3529,"Semi-D","3","Freehold",201
"9, Westminster Street, CW2 7LQ","https://housemetric.co.uk/30379074/CW2-7LQ/9","Jan 2025",126000,81,1555,"Terrace","3","Freehold",104
"15, Weaver Close, ST7 2NZ","https://housemetric.co.uk/30379293/ST7-2NZ/15","Jan 2025",140000,63,2222,"Terrace","3","Freehold",
"122, Lansdowne Road, CW1 5LR","https://housemetric.co.uk/30381213/CW1-5LR/122","Jan 2025",190000,65,2923,"Semi-D","3","Freehold",
"143, Long Lane South, CW10 0AT","https://housemetric.co.uk/30456878/CW10-0AT/143","Jan 2025",230000,63,3650,"Detached Bungalow","2","Freehold",380
"10, Woodend Close, CW10 0DZ","https://housemetric.co.uk/30367573/CW10-0DZ/10","Jan 2025",180000,81,2222,"Terrace","2","Freehold",234
"211, Manor Way, CW2 6PH","https://housemetric.co.uk/30369546/CW2-6PH/211","Jan 2025",31092,83,374,"Semi-D","5","Freehold",512
"4, Bramble Close, CW10 9FZ","https://housemetric.co.uk/30370419/CW10-9FZ/4","Jan 2025",350000,139,2517,"Detached","4","Freehold",314
"14, Greendale Drive, CW10 0PH","https://housemetric.co.uk/30382877/CW10-0PH/14","Jan 2025",270000,64,4218,"Detached Bungalow","2","Freehold",412
"445, Crewe Road, CW11 3RJ","https://housemetric.co.uk/30439911/CW11-3RJ/445","Jan 2025",170000,59,2881,"Terrace","2","Freehold",118
"35, Ludlow Avenue, CW1 6DZ","https://housemetric.co.uk/30370425/CW1-6DZ/35","Jan 2025",100000,58,1724,"Flat","2","Freehold",
"3, Merlin Court, CW1 3TH","https://housemetric.co.uk/30372969/CW1-3TH/3","Jan 2025",185000,105,1761,"Terrace","3","Freehold",
"28, Cornwall Grove, CW1 3BE","https://housemetric.co.uk/30380033/CW1-3BE/28","Jan 2025",127500,58,2198,"Terrace","2","Freehold",115
"246, Hungerford Road, CW1 6HG","https://housemetric.co.uk/30367577/CW1-6HG/246","Jan 2025",125000,105,1190,"Terrace","3","Freehold",146
"38, Charlesworth Street, CW1 4DE","https://housemetric.co.uk/30370009/CW1-4DE/38","Jan 2025",110000,64,1718,"Terrace","3","Freehold",159
"56, Oakland Avenue, CW1 5PB","https://housemetric.co.uk/30377089/CW1-5PB/56","Jan 2025",250000,95,2631,"Terrace","2","Freehold",205
"20, Green Street, CW11 1GX","https://housemetric.co.uk/30378059/CW11-1GX/20","Jan 2025",155000,67,2313,"Terrace","2","Freehold",62
"114, Middlewich Street, CW1 4DL","https://housemetric.co.uk/30379363/CW1-4DL/114","Jan 2025",320000,139,2302,"Detached","3","Freehold",
"4, Bowkers Croft, CW11 4RR","https://housemetric.co.uk/30453340/CW11-4RR/4","Jan 2025",325000,100,3250,"Detached","3","Freehold",318
"54, Chambers Street, CW2 6HJ","https://housemetric.co.uk/30367064/CW2-6HJ/54","Jan 2025",82500,76,1085,"Terrace","2","Freehold",96
"5, Hutchins Close, CW10 0EX","https://housemetric.co.uk/30375258/CW10-0EX/5","Jan 2025",179000,60,2983,"Semi-D Bungalow","4","Freehold",298
"13, St Anns Road, CW10 9BN","https://housemetric.co.uk/30437652/CW10-9BN/13","Jan 2025",100000,50,2000,"Flat","1","Freehold",24
"25, Evans Street, CW1 3TR","https://housemetric.co.uk/30438975/CW1-3TR/25","Jan 2025",180000,100,1800,"Semi-D","3","Freehold",498
"39, Goldsmith Drive, CW11 3GS","https://housemetric.co.uk/30278523/CW11-3GS/39","Jan 2025",260000,69,3768,"Detached","3","Freehold",251
"26, Heath Avenue, ST7 3RY","https://housemetric.co.uk/30294888/ST7-3RY/26","Jan 2025",236000,86,2744,"Semi-D","3","Freehold",283
"6, Tennyson Avenue, CW1 5JR","https://housemetric.co.uk/30295622/CW1-5JR/6","Jan 2025",155000,55,2818,"Semi-D Bungalow","2","Freehold",301
"6, Heath View, CW1 5SS","https://housemetric.co.uk/30367821/CW1-5SS/6","Jan 2025",161000,65,2476,"Terrace","2","Freehold",63
"9, Wallcroft Gardens, CW10 9AD","https://housemetric.co.uk/30372765/CW10-9AD/9","Jan 2025",183000,77,2376,"Terrace","3","Freehold",62
"9, Bulkeley Street, CW1 6ET","https://housemetric.co.uk/30372769/CW1-6ET/9","Jan 2025",157000,93,1688,"Terrace","3","Freehold",172
"46, Oldfield Road, CW11 3LN","https://housemetric.co.uk/30377120/CW11-3LN/46","Jan 2025",257500,82,3140,"Semi-D","3","Freehold",338
"2, Mill Lane, CW4 8AT","https://housemetric.co.uk/30378063/CW4-8AT/2","Jan 2025",380000,97,3917,"Semi-D","3","Freehold",404
"149b, Heath Road, CW11 2LE","https://housemetric.co.uk/30379296/CW11-2LE/149b","Jan 2025",255000,91,2802,"Terrace","3","Freehold",
"6, Oakwood Crescent, CW11 2LL","https://housemetric.co.uk/30456891/CW11-2LL/6","Jan 2025",223000,51,4372,"Detached Bungalow","3","Freehold",304
"18, Tynedale Avenue, CW2 7NY","https://housemetric.co.uk/30294886/CW2-7NY/18","Jan 2025",220000,96,2291,"Semi-D","3","Freehold",229
"19, Chassagne Square, CW1 3GJ","https://housemetric.co.uk/30439960/CW1-3GJ/19","Jan 2025",198000,108,1833,"Terrace","4","Freehold",107
"8, Westminster Street, CW2 7LG","https://housemetric.co.uk/30473330/CW2-7LG/8","Jan 2025",117000,96,1218,"Terrace","3","Freehold",149
"48, Lord Street, CW2 7DH","https://housemetric.co.uk/30375025/CW2-7DH/48","Jan 2025",72500,90,805,"Terrace","3","Freehold",116
"6, Pool View, CW11 4QZ","https://housemetric.co.uk/30294494/CW11-4QZ/6","Jan 2025",435000,171,2543,"Detached","5","Freehold",338
"45, Park Lane, CW11 1EN","https://housemetric.co.uk/30368054/CW11-1EN/45","Jan 2025",240000,93,2580,"Terrace","3","Freehold",63
"9, Falmouth Road, CW1 3QS","https://housemetric.co.uk/30287964/CW1-3QS/9","Jan 2025",155000,62,2500,"Semi-D Bungalow","2","Freehold",232
"6, The Butts, ST7 2NS","https://housemetric.co.uk/30295630/ST7-2NS/6","Jan 2025",215000,90,2388,"Semi-D","3","Freehold",410
"99, Edleston Road, CW2 7HP","https://housemetric.co.uk/30358953/CW2-7HP/99","Jan 2025",85000,84,1011,"Terrace","3","Freehold",110
"25, Rockwood Avenue, CW2 8LU","https://housemetric.co.uk/30370428/CW2-8LU/25","Jan 2025",155500,72,2159,"Terrace","3","Freehold",167
"260, Badger Avenue, CW1 3LW","https://housemetric.co.uk/30382900/CW1-3LW/260","Jan 2025",141000,65,2169,"Semi-D","2","Freehold",222
"37, Holland Street, CW1 3TT","https://housemetric.co.uk/30287957/CW1-3TT/37","Jan 2025",142600,60,2376,"Semi-D","1","Freehold",199
"4, Ingleton Close, CW4 7LF","https://housemetric.co.uk/30287968/CW4-7LF/4","Jan 2025",270000,63,4285,"Detached Bungalow","3","Freehold",379
"104, Harpur Crescent, ST7 2SY","https://housemetric.co.uk/30289783/ST7-2SY/104","Jan 2025",315000,119,2647,"Detached","4","Freehold",
"37, Westminster Street, CW2 7LQ","https://housemetric.co.uk/30289803/CW2-7LQ/37","Jan 2025",155000,96,1614,"Terrace","3","Freehold",101
"6, Padstow Close, CW1 3XW","https://housemetric.co.uk/30372380/CW1-3XW/6","Jan 2025",179995,57,3157,"Semi-D","2","Freehold",169
"27, Rushton Drive, CW10 0NJ","https://housemetric.co.uk/30381203/CW10-0NJ/27","Jan 2025",275000,99,2777,"Detached","3","Freehold",224
"193, Alton Street, CW2 7PU","https://housemetric.co.uk/30438984/CW2-7PU/193","Jan 2025",150000,123,1219,"Terrace","3","Freehold",150
"79, Third Avenue, CW11 4PG","https://housemetric.co.uk/30278524/CW11-4PG/79","Jan 2025",170000,88,1931,"Semi-D","3","Freehold",221
"406, Underwood Lane, CW1 3SE","https://housemetric.co.uk/30289801/CW1-3SE/406","Jan 2025",140000,77,1818,"Semi-D","3","Freehold",240
"67, Minshull New Road, CW1 3PE","https://housemetric.co.uk/30382896/CW1-3PE/67","Jan 2025",136000,84,1619,"Terrace","3","Freehold",141
"18, Mayfield Mews, CW1 3FZ","https://housemetric.co.uk/30295297/CW1-3FZ/18","Jan 2025",126000,52,2423,"Terrace","2","Freehold",101
"64, Sandbach Road, ST7 3RN","https://housemetric.co.uk/30296270/ST7-3RN/64","Jan 2025",271500,104,2610,"Semi-D","3","Freehold",
"41, Electricity Street, CW2 7EW","https://housemetric.co.uk/30355244/CW2-7EW/41","Jan 2025",147500,87,1695,"Terrace","3","Freehold",103
"32, Wardle Mews, CW10 0EP","https://housemetric.co.uk/30277936/CW10-0EP/32","Jan 2025",189950,65,2922,"Semi-D","3","Freehold",147
"4, Smallwood Forge, CW11 2UF","https://housemetric.co.uk/30294479/CW11-2UF/4","Jan 2025",545000,169,3224,"Detached","5","Freehold",429
"90, Oakley Street, CW1 2NL","https://housemetric.co.uk/30295305/CW1-2NL/90","Jan 2025",128000,82,1560,"Terrace","2","Freehold",73
"12, Hungerford Terrace, CW1 6HF","https://housemetric.co.uk/30295620/CW1-6HF/12","Jan 2025",217000,140,1550,"Semi-D","4","Freehold",208
"51, Sandown Road, CW1 3TF","https://housemetric.co.uk/30301162/CW1-3TF/51","Jan 2025",208000,98,2122,"Semi-D Bungalow","2","Freehold",280
"7, Henbury Close, CW10 0NH","https://housemetric.co.uk/30367363/CW10-0NH/7","Jan 2025",331000,119,2781,"Detached","4","Freehold",506
"20, Goldsmith Drive, CW11 3GR","https://housemetric.co.uk/30368041/CW11-3GR/20","Jan 2025",245000,68,3602,"Detached","3","Freehold",202
"5, Rigg Street, CW1 3EB","https://housemetric.co.uk/30375211/CW1-3EB/5","Jan 2025",118000,80,1475,"Terrace","2","Freehold",77
"62, Gresty Road, CW2 6DY","https://housemetric.co.uk/30301157/CW2-6DY/62","Jan 2025",63000,66,954,"Terrace","2","Freehold",61
"17, Surrey Street, CW1 4AB","https://housemetric.co.uk/30453336/CW1-4AB/17","Jan 2025",77500,73,1061,"Terrace","2","Freehold",83
"3, Meadowgate Close, CW11 3ZP","https://housemetric.co.uk/30278514/CW11-3ZP/3","Jan 2025",400000,109,3669,"Detached","4","Freehold",333
"118, Stewart Street, CW2 8LY","https://housemetric.co.uk/30285556/CW2-8LY/118","Jan 2025",190000,101,1881,"Terrace","3","Freehold",229
"5, Wordsworth Way, ST7 2NU","https://housemetric.co.uk/30294891/ST7-2NU/5","Jan 2025",180000,65,2769,"Semi-D Bungalow","3","Freehold",273
"59, Hadrian Way, CW10 9RB","https://housemetric.co.uk/30295447/CW10-9RB/59","Jan 2025",260000,131,1984,"Terrace","3","Freehold",
"9, Hughes Drive, CW2 7UA","https://housemetric.co.uk/30367827/CW2-7UA/9","Jan 2025",155000,60,2583,"Terrace","2","Freehold",165
"44, Bradwall Street, CW11 1GJ","https://housemetric.co.uk/30261397/CW11-1GJ/44","Dec 2024",170000,70,2428,"Detached Bungalow","3","Freehold",332
"72, Bateman Close, CW1 3DQ","https://housemetric.co.uk/30257851/CW1-3DQ/72","Dec 2024",185000,101,1831,"Terrace","3","Freehold",129
"85, Lambourn Drive, CW1 4TL","https://housemetric.co.uk/30264397/CW1-4TL/85","Dec 2024",205000,70,2928,"Semi-D","3","Freehold",231
"52, Newfield Drive, CW1 4AS","https://housemetric.co.uk/30269854/CW1-4AS/52","Dec 2024",155000,75,2066,"Semi-D","3","Freehold",218
"23, Arderne Avenue, CW2 8NS","https://housemetric.co.uk/30270530/CW2-8NS/23","Dec 2024",212500,73,2910,"Semi-D Bungalow","3","Freehold",354
"17, Dorric Way, CW1 3SX","https://housemetric.co.uk/30272797/CW1-3SX/17","Dec 2024",190000,89,2134,"Semi-D","3","Freehold",227
"71, Parkers Road, CW1 4TP","https://housemetric.co.uk/30256913/CW1-4TP/71","Dec 2024",257500,117,2200,"Semi-D","4","Freehold",353
"128, Meredith Street, CW1 2PJ","https://housemetric.co.uk/30259688/CW1-2PJ/128","Dec 2024",125000,83,1506,"Terrace","3","Freehold",94
"Greenbank Farm, Back Lane, CW11 2UN","https://housemetric.co.uk/30260834/CW11-2UN/Greenbank+Farm","Dec 2024",1065000,238,4474,"Other","3","Freehold",7846
"Castle Bank, School Lane, CW11 2LS","https://housemetric.co.uk/30261374/CW11-2LS/Castle+Bank","Dec 2024",250000,66,3787,"Semi-D","3","Freehold",316
"168, Middlewich Road, CW7 3NN","https://housemetric.co.uk/30263963/CW7-3NN/168","Dec 2024",285000,94,3031,"Detached Bungalow","3","Freehold",695
"10, Oak Street, ST7 3SJ","https://housemetric.co.uk/30329038/ST7-3SJ/10","Dec 2024",107000,51,2098,"Terrace","2","Freehold",72
"2, Tiverton Close, CW11 1ZY","https://housemetric.co.uk/30148552/CW11-1ZY/2","Dec 2024",262500,78,3365,"Detached Bungalow","","Freehold",400
"16, Dean Street, CW10 9DW","https://housemetric.co.uk/30256927/CW10-9DW/16","Dec 2024",160000,68,2352,"Terrace","2","Freehold",192
"92, Hassall Road, CW11 4HN","https://housemetric.co.uk/30258578/CW11-4HN/92","Dec 2024",240000,70,3428,"Semi-D","2","Freehold",247
"29, Moston Road, CW11 3GL","https://housemetric.co.uk/30261399/CW11-3GL/29","Dec 2024",240000,80,3000,"Terrace","3","Freehold",
"12, Webbs Lane, CW10 9DN","https://housemetric.co.uk/30263950/CW10-9DN/12","Dec 2024",172500,82,2103,"Terrace","2","Freehold",98
"58, Sandbach Road, ST7 3RN","https://housemetric.co.uk/30263957/ST7-3RN/58","Dec 2024",152000,74,2054,"Terrace","2","Freehold",156
"20, Richardson Close, CW11 3GU","https://housemetric.co.uk/30264407/CW11-3GU/20","Dec 2024",122000,54,2259,"Terrace","2","Freehold",162
"41, Albert Street, CW1 2QD","https://housemetric.co.uk/30265018/CW1-2QD/41","Dec 2024",88000,80,1100,"Terrace","2","Freehold",108
"2, Pyms Lane, CW1 3PJ","https://housemetric.co.uk/30265032/CW1-3PJ/2","Dec 2024",130000,84,1547,"Terrace","3","Freehold",144
"46, Queen Street, CW1 4AL","https://housemetric.co.uk/30272802/CW1-4AL/46","Dec 2024",130000,79,1645,"Terrace","3","Freehold",168
"206, Bedford Street, CW2 6JL","https://housemetric.co.uk/30145021/CW2-6JL/206","Dec 2024",180000,157,1146,"Detached","4","Freehold",949
"50, Cherry Lane, ST7 3QF","https://housemetric.co.uk/30152367/ST7-3QF/50","Dec 2024",400000,114,3508,"Detached","4","Freehold",401
"44, Welles Street, CW11 1GU","https://housemetric.co.uk/30190263/CW11-1GU/44","Dec 2024",124000,65,1907,"Terrace","2","Freehold",81
"57, Princess Drive, CW11 1BP","https://housemetric.co.uk/30252595/CW11-1BP/57","Dec 2024",310000,74,4189,"Semi-D Bungalow","2","Freehold",262
"23, Sheringham Drive, CW1 3XJ","https://housemetric.co.uk/30252604/CW1-3XJ/23","Dec 2024",218000,64,3406,"Detached","2","Freehold",193
"39, Green Street, CW11 1GX","https://housemetric.co.uk/30258584/CW11-1GX/39","Dec 2024",195000,75,2600,"Terrace","2","Freehold",107
"4, Sheringham Drive, CW1 3XJ","https://housemetric.co.uk/30258593/CW1-3XJ/4","Dec 2024",118000,40,2950,"Terrace","2","Freehold",97
"7, Needham Drive, CW4 8FB","https://housemetric.co.uk/30331448/CW4-8FB/7","Dec 2024",475000,120,3958,"Detached","4","Freehold",506
"7, Tollitt Street, CW1 2LD","https://housemetric.co.uk/30145972/CW1-2LD/7","Dec 2024",117000,80,1462,"Terrace","2","Freehold",81
"11c, Cross Lane, CW10 0ET","https://housemetric.co.uk/30152754/CW10-0ET/11c","Dec 2024",217000,85,2552,"Detached","3","Freehold",168
"6, Orchard Close, CW10 0AU","https://housemetric.co.uk/30158235/CW10-0AU/6","Dec 2024",235000,67,3507,"Detached Bungalow","2","Freehold",378
"162, Crewe Road, CW11 4PY","https://housemetric.co.uk/30254772/CW11-4PY/162","Dec 2024",715000,227,3149,"Detached","4","Freehold",742
"81, Becconsall Drive, CW1 4RP","https://housemetric.co.uk/30313103/CW1-4RP/81","Dec 2024",295000,86,3430,"Detached Bungalow","3","Freehold",384
"1, Brookmere Close, CW11 1XT","https://housemetric.co.uk/30415963/CW11-1XT/1","Dec 2024",140000,54,2592,"Semi-D Bungalow","2","Freehold",
"59, Elm Drive, CW4 7QA","https://housemetric.co.uk/30146006/CW4-7QA/59","Dec 2024",470000,111,4234,"Detached","4","Freehold",308
"28, Laura Street, CW2 6HA","https://housemetric.co.uk/30152711/CW2-6HA/28","Dec 2024",115000,111,1036,"Terrace","3","Freehold",153
"12, Herbert Swindells Close, CW2 6GP","https://housemetric.co.uk/30152749/CW2-6GP/12","Dec 2024",200000,79,2531,"Detached","","Freehold",146
"12a, Burjen Way, CW1 3TP","https://housemetric.co.uk/30154316/CW1-3TP/12a","Dec 2024",170000,75,2266,"Semi-D","3","Freehold",251
"284, Walthall Street, CW2 7LE","https://housemetric.co.uk/30200023/CW2-7LE/284","Dec 2024",120000,101,1188,"Terrace","3","Freehold",125
"16, Beeston Close, CW10 0SH","https://housemetric.co.uk/30256917/CW10-0SH/16","Dec 2024",320000,107,2990,"Detached","4","Freehold",330
"10, Culland Street, CW2 6DQ","https://housemetric.co.uk/30194058/CW2-6DQ/10","Dec 2024",126500,88,1437,"Terrace","2","Freehold",101
"91, Elworth Road, CW11 3HJ","https://housemetric.co.uk/30269849/CW11-3HJ/91","Dec 2024",315000,84,3750,"Semi-D","3","Freehold",379
"Apartment 3 Points House, Dale Way, CW1 3GT","https://housemetric.co.uk/30145061/CW1-3GT/Points+House","Dec 2024",117145,64,1830,"Flat","2","Freehold",
"Flat 18 Bernard Court, Chester Road, CW4 7EY","https://housemetric.co.uk/30145074/CW4-7EY/Bernard+Court","Dec 2024",100000,52,1923,"Flat","1","Freehold",
"61, Brooklyn Street, CW2 7JE","https://housemetric.co.uk/30200778/CW2-7JE/61","Dec 2024",124000,120,1033,"Terrace","3","Freehold",141
"14, Newfield Drive, CW1 4AS","https://housemetric.co.uk/30150660/CW1-4AS/14","Dec 2024",155000,61,2540,"Semi-D","3","Freehold",233
"3, Barker Street, CW2 6BL","https://housemetric.co.uk/30158259/CW2-6BL/3","Dec 2024",182000,73,2493,"Semi-D","3","Freehold",146
"145, Wistaston Road, CW2 7RH","https://housemetric.co.uk/30200037/CW2-7RH/145","Dec 2024",65000,77,844,"Terrace","3","Freehold",104
"5, Woodside Avenue, ST7 2DL","https://housemetric.co.uk/30203610/ST7-2DL/5","Dec 2024",93000,88,1056,"Terrace","3","Freehold",267
"39, Queens Drive, CW11 1BN","https://housemetric.co.uk/30259704/CW11-1BN/39","Dec 2024",280000,89,3146,"Semi-D","3","Freehold",316
"64, Mills Way, CW1 4TG","https://housemetric.co.uk/30261405/CW1-4TG/64","Dec 2024",355000,148,2398,"Detached","4","Freehold",505
"37, Hungerford Road, CW1 5EQ","https://housemetric.co.uk/30145984/CW1-5EQ/37","Dec 2024",148500,86,1726,"Semi-D","2","Freehold",134
"1, Nightingale Way, ST7 2GH","https://housemetric.co.uk/30158249/ST7-2GH/1","Dec 2024",385000,127,3031,"Detached","4","Freehold",272
"92, Edleston Road, CW2 7HD","https://housemetric.co.uk/30190279/CW2-7HD/92","Dec 2024",94000,102,921,"Terrace","3","Freehold",156
"4, Harbutts Court, CW10 9PU","https://housemetric.co.uk/30254825/CW10-9PU/4","Dec 2024",108500,72,1506,"Flat","2","Freehold",
"19, Heath Avenue, ST7 3RY","https://housemetric.co.uk/30259665/ST7-3RY/19","Dec 2024",265000,110,2409,"Semi-D Bungalow","3","Freehold",267
"28, Langley Drive, CW2 8LN","https://housemetric.co.uk/30261395/CW2-8LN/28","Dec 2024",315000,130,2423,"Detached","4","Freehold",320
"105, Claughton Avenue, CW2 6ET","https://housemetric.co.uk/30270534/CW2-6ET/105","Dec 2024",150000,93,1612,"Terrace","3","Freehold",284
"26, Rye Close, ST7 2XZ","https://housemetric.co.uk/30147693/ST7-2XZ/26","Dec 2024",285000,99,2878,"Semi-D","3","Freehold",
"140, Sydney Road, CW1 5NF","https://housemetric.co.uk/30148576/CW1-5NF/140","Dec 2024",430000,210,2047,"Detached","3","Freehold",1497
"9, Pool View, CW11 4QZ","https://housemetric.co.uk/30146369/CW11-4QZ/9","Dec 2024",430000,140,3071,"Detached","5","Freehold",585
"10, Henry Street, CW1 5PS","https://housemetric.co.uk/30148988/CW1-5PS/10","Dec 2024",205000,85,2411,"Terrace","2","Freehold",192
"13, Herbert Street, CW1 5LZ","https://housemetric.co.uk/30149345/CW1-5LZ/13","Dec 2024",165000,61,2704,"Semi-D","3","Freehold",265
"32, Rigg Street, CW1 3EB","https://housemetric.co.uk/30409261/CW1-3EB/32","Dec 2024",60000,74,810,"Terrace","2","Freehold",77
"25, Station Road, CW4 7AY","https://housemetric.co.uk/30146397/CW4-7AY/25","Dec 2024",330000,95,3473,"Semi-D","3","Freehold",349
"9, Gainsborough Road, CW2 7PH","https://housemetric.co.uk/30203613/CW2-7PH/9","Dec 2024",187200,108,1733,"Terrace","3","Freehold",166
"168, Sandbach Road, ST7 3RB","https://housemetric.co.uk/30257840/ST7-3RB/168","Dec 2024",325000,109,2981,"Semi-D","3","Freehold",443
"560, Crewe Road, CW11 3RY","https://housemetric.co.uk/30148579/CW11-3RY/560","Dec 2024",224000,68,3294,"Semi-D","3","Freehold",369
"101, Elton Road, CW11 3NF","https://housemetric.co.uk/30152407/CW11-3NF/101","Dec 2024",190000,57,3333,"Terrace","3","Freehold",272
"2, Railway View, CW1 4BN","https://housemetric.co.uk/30145067/CW1-4BN/2","Nov 2024",98000,57,1719,"Terrace","1","Freehold",44
"165, Crewe Road, CW11 4PA","https://housemetric.co.uk/30146001/CW11-4PA/165","Nov 2024",222000,80,2775,"Terrace","2","Freehold",163
"2, Hassall Road, CW11 4HQ","https://housemetric.co.uk/30149323/CW11-4HQ/2","Nov 2024",425000,154,2759,"Semi-D","4","Freehold",1033
"41, Bradwall Street, CW11 1GJ","https://housemetric.co.uk/30151297/CW11-1GJ/41","Nov 2024",230000,82,2804,"Semi-D","2","Freehold",126
"30, Crewe Green Avenue, CW1 5NT","https://housemetric.co.uk/30152760/CW1-5NT/30","Nov 2024",243500,98,2484,"Semi-D","2","Freehold",279
"5, Victoria Avenue, CW1 5PF","https://housemetric.co.uk/30254780/CW1-5PF/5","Nov 2024",223500,103,2169,"Semi-D","3","Freehold",202
"Flat 24 The Point, Crewe Road, ST7 2JJ","https://housemetric.co.uk/30258605/ST7-2JJ/The+Point","Nov 2024",119000,55,2163,"Flat","2","Freehold",
"4, Lyndale Grove, CW12 4YW","https://housemetric.co.uk/30278467/CW12-4YW/4","Nov 2024",620000,189,3280,"Detached","","Freehold",424
"75, Alton Street, CW2 7QF","https://housemetric.co.uk/30323444/CW2-7QF/75","Nov 2024",84000,83,1012,"Terrace","2","Freehold",78
"24, Rookery Close, CW11 3NJ","https://housemetric.co.uk/30415974/CW11-3NJ/24","Nov 2024",377500,119,3172,"Detached","4","Freehold",260
"78, Beech Avenue, ST7 3JD","https://housemetric.co.uk/30422501/ST7-3JD/78","Nov 2024",380000,141,2695,"Detached","5","Freehold",295
"27, Winston Avenue, ST7 2BE","https://housemetric.co.uk/30146050/ST7-2BE/27","Nov 2024",220000,100,2200,"Detached","3","Freehold",
"Whisterfield, Brereton Heath Lane, CW12 4SY","https://housemetric.co.uk/30147681/CW12-4SY/Whisterfield","Nov 2024",550000,155,3548,"Detached Bungalow","2","Freehold",636
"16, Brookfield, CW1 5WE","https://housemetric.co.uk/30148536/CW1-5WE/16","Nov 2024",310000,83,3734,"Detached","3","Freehold",269
"4, Cestria Close, CW11 3FU","https://housemetric.co.uk/30158245/CW11-3FU/4","Nov 2024",258000,97,2659,"Semi-D","3","Freehold",173
"86, Grange Way, CW11 1ES","https://housemetric.co.uk/30163511/CW11-1ES/86","Nov 2024",130000,46,2826,"Terrace","4","Freehold",140
"38, Bateman Close, CW1 3DQ","https://housemetric.co.uk/30254797/CW1-3DQ/38","Nov 2024",190000,71,2676,"Semi-D","3","Freehold",214
"23, Wardle Mews, CW10 0EP","https://housemetric.co.uk/30150685/CW10-0EP/23","Nov 2024",175000,65,2692,"Terrace","3","Freehold",151
"52, Alton Street, CW2 7QF","https://housemetric.co.uk/30190257/CW2-7QF/52","Nov 2024",130000,106,1226,"Terrace","3","Freehold",128
"Greenroofs, Clay Lane, CW1 5SF","https://housemetric.co.uk/30063385/CW1-5SF/Greenroofs","Nov 2024",220000,136,1617,"Semi-D","4","Freehold",301
"6c, Eva Street, CW11 3BP","https://housemetric.co.uk/30146367/CW11-3BP/6c","Nov 2024",200000,73,2739,"Terrace","2","Freehold",112
"40, Broxton Avenue, CW10 0SE","https://housemetric.co.uk/30150654/CW10-0SE/40","Nov 2024",235000,76,3092,"Detached","3","Freehold",241
"40, George Street, CW11 3BL","https://housemetric.co.uk/30151321/CW11-3BL/40","Nov 2024",200000,87,2298,"Terrace","2","Freehold",129
"71, Hayhurst Avenue, CW10 0AY","https://housemetric.co.uk/30152364/CW10-0AY/71","Nov 2024",160000,79,2025,"Semi-D","2","Freehold",236
"203, Heath Road, CW11 2LE","https://housemetric.co.uk/30200028/CW11-2LE/203","Nov 2024",270000,77,3506,"Semi-D Bungalow","3","Freehold",561
"15, Frances Street, CW2 6HF","https://housemetric.co.uk/30203615/CW2-6HF/15","Nov 2024",100000,79,1265,"Terrace","2","Freehold",80
"46, School Lane, CW11 3HU","https://housemetric.co.uk/30257837/CW11-3HU/46","Nov 2024",116000,52,2230,"Flat","2","Freehold",
"221, Walthall Street, CW2 7LE","https://housemetric.co.uk/30268638/CW2-7LE/221","Nov 2024",92500,97,953,"Semi-D","2","Freehold",144
"17, Culland Street, CW2 6DQ","https://housemetric.co.uk/30268639/CW2-6DQ/17","Nov 2024",120000,79,1518,"Terrace","2","Freehold",106
"52, Stalbridge Road, CW2 7LP","https://housemetric.co.uk/30152352/CW2-7LP/52","Nov 2024",150000,109,1376,"Semi-D","3","Freehold",101
"4, Laxton Way, CW10 9EN","https://housemetric.co.uk/30157660/CW10-9EN/4","Nov 2024",150000,57,2631,"Terrace Bungalow","2","Freehold",
"17, West Way, CW4 7DG","https://housemetric.co.uk/30158227/CW4-7DG/17","Nov 2024",379500,139,2730,"Semi-D","3","Freehold",516
"14, Offley Road, CW11 1GY","https://housemetric.co.uk/30258618/CW11-1GY/14","Nov 2024",450000,104,4326,"Semi-D","","Freehold",665
"15, Clement Drive, CW1 3GN","https://housemetric.co.uk/30320053/CW1-3GN/15","Nov 2024",265000,85,3117,"Detached","3","Freehold",252
"67, Primrose Avenue, CW1 5NY","https://housemetric.co.uk/30059865/CW1-5NY/67","Nov 2024",250000,91,2747,"Semi-D","2","Freehold",344
"55, Hassall Road, CW11 4HN","https://housemetric.co.uk/30148538/CW11-4HN/55","Nov 2024",400000,129,3100,"Semi-D","4","Freehold",319
"34, Gawsworth Drive, CW11 1DY","https://housemetric.co.uk/30149369/CW11-1DY/34","Nov 2024",385000,84,4583,"Detached Bungalow","3","Freehold",658
"210, Wistaston Road, CW2 7RJ","https://housemetric.co.uk/30200774/CW2-7RJ/210","Nov 2024",131500,113,1163,"Semi-D","2","Freehold",595
"22, Micklewright Avenue, CW1 4DF","https://housemetric.co.uk/30057640/CW1-4DF/22","Nov 2024",135000,63,2142,"Semi-D","2","Freehold",123
"155, Long Lane South, CW10 0AT","https://housemetric.co.uk/30063340/CW10-0AT/155","Nov 2024",213500,95,2247,"Semi-D","2","Freehold",284
"2, Winston Avenue, ST7 2BE","https://housemetric.co.uk/30145979/ST7-2BE/2","Nov 2024",290000,95,3052,"Detached","3","Freehold",296
"238, Badger Avenue, CW1 3LP","https://housemetric.co.uk/30157667/CW1-3LP/238","Nov 2024",135000,65,2076,"Semi-D","3","Freehold",212
"25, Mossford Avenue, CW1 3RT","https://housemetric.co.uk/30331478/CW1-3RT/25","Nov 2024",155000,67,2313,"Semi-D","3","Freehold",247
"85, Pennymoor Drive, CW10 9QP","https://housemetric.co.uk/30057960/CW10-9QP/85","Nov 2024",240000,114,2105,"Terrace","3","Freehold",154
"109, Crewe Road, CW1 5RE","https://housemetric.co.uk/30061559/CW1-5RE/109","Nov 2024",290000,126,2301,"Semi-D","3","Freehold",241
"Penderell, Elton Road, CW11 3NB","https://housemetric.co.uk/30062180/CW11-3NB/Penderell","Nov 2024",272000,107,2542,"Semi-D","3","Freehold",319
"14, Chadwick Road, CW10 0EA","https://housemetric.co.uk/30066723/CW10-0EA/14","Nov 2024",150000,137,1094,"Terrace","3","Freehold",323
"29, Badger Avenue, CW1 3JG","https://housemetric.co.uk/30067568/CW1-3JG/29","Nov 2024",140000,77,1818,"Semi-D","2","Freehold",261
"22, St Matthews Close, CW1 5TW","https://housemetric.co.uk/30075909/CW1-5TW/22","Nov 2024",187500,54,3472,"Semi-D","2","Freehold",152
"12, Latham Road, CW11 4PJ","https://housemetric.co.uk/30086300/CW11-4PJ/12","Nov 2024",200000,89,2247,"Semi-D","3","Freehold",268
"121, Edleston Road, CW2 7HP","https://housemetric.co.uk/30127548/CW2-7HP/121","Nov 2024",115000,40,2875,"Other","1","Freehold",
"6, Dalton Court, CW11 1YD","https://housemetric.co.uk/30150658/CW11-1YD/6","Nov 2024",590000,173,3410,"Detached","4","Freehold",588
"30, Third Avenue, CW11 4PF","https://housemetric.co.uk/30151293/CW11-4PF/30","Nov 2024",203000,95,2136,"Terrace","3","Freehold",319
"12, Grenville Close, CW1 5TU","https://housemetric.co.uk/30063357/CW1-5TU/12","Nov 2024",195000,67,2910,"Semi-D","3","Freehold",221
"202, Market Street, CW1 2NP","https://housemetric.co.uk/30124084/CW1-2NP/202","Nov 2024",86000,80,1075,"Terrace","3","Freehold",88
"19, Hall Drive, ST7 2UD","https://housemetric.co.uk/30055376/ST7-2UD/19","Nov 2024",254000,77,3298,"Detached","3","Freehold",279
"85, Elworth Road, CW11 3HN","https://housemetric.co.uk/30152400/CW11-3HN/85","Nov 2024",367500,92,3994,"Semi-D","3","Freehold",421
"8, Mill Hill Lane, CW11 4PN","https://housemetric.co.uk/30057658/CW11-4PN/8","Nov 2024",350000,87,4022,"Semi-D Bungalow","3","Freehold",599
"9, Barrows Close, CW1 4RR","https://housemetric.co.uk/30067583/CW1-4RR/9","Nov 2024",245000,88,2784,"Detached Bungalow","3","Freehold",416
"4, Betjeman Way, CW1 5FS","https://housemetric.co.uk/30157679/CW1-5FS/4","Nov 2024",197000,60,3283,"Detached Bungalow","2","Freehold",318
"5, Heath Terrace, CW11 2SU","https://housemetric.co.uk/30416538/CW11-2SU/5","Nov 2024",214000,90,2377,"Terrace","3","Freehold",
"34, Derrington Avenue, CW2 7JB","https://housemetric.co.uk/30087075/CW2-7JB/34","Nov 2024",105000,81,1296,"Terrace","3","Freehold",98
"11, Angus Grove, CW10 9GR","https://housemetric.co.uk/30122375/CW10-9GR/11","Nov 2024",279950,106,2641,"Detached","4","Freehold",258
"86, Stewart Street, CW2 8LX","https://housemetric.co.uk/30127540/CW2-8LX/86","Nov 2024",154000,112,1375,"Terrace","2","Freehold",171
"90, Manor Road, CW11 2LU","https://housemetric.co.uk/30146023/CW11-2LU/90","Nov 2024",575000,158,3639,"Detached","4","Freehold",1255
"50, Kipling Way, CW1 5JG","https://housemetric.co.uk/30152701/CW1-5JG/50","Nov 2024",250000,98,2551,"Semi-D Bungalow","4","Freehold",432
"29, Frances Street, CW2 6HF","https://housemetric.co.uk/30200775/CW2-6HF/29","Nov 2024",90000,92,978,"Terrace","2","Freehold",128
"36, Renaissance Way, CW1 6HT","https://housemetric.co.uk/30148530/CW1-6HT/36","Nov 2024",465000,187,2486,"Detached","4","Freehold",561
"35, Brynlow Drive, CW10 0PD","https://housemetric.co.uk/30398323/CW10-0PD/35","Nov 2024",222000,70,3171,"Detached Bungalow","2","Freehold",333
"10, Crewe Green Avenue, CW1 5NT","https://housemetric.co.uk/30066573/CW1-5NT/10","Nov 2024",220000,87,2528,"Semi-D","3","Freehold",395
"16, Stanhope Avenue, CW1 6ED","https://housemetric.co.uk/30131476/CW1-6ED/16","Nov 2024",219400,135,1625,"Semi-D","3","Freehold",731
"51, Richard Moon Street, CW1 3AU","https://housemetric.co.uk/30272786/CW1-3AU/51","Nov 2024",102000,75,1360,"Terrace","2","Freehold",87
"25, Bessancourt, CW4 7AN","https://housemetric.co.uk/30071162/CW4-7AN/25","Nov 2024",273000,69,3956,"Semi-D","2","Freehold",175
"91, West Street, CW1 3HF","https://housemetric.co.uk/30114773/CW1-3HF/91","Nov 2024",110500,96,1151,"Terrace","2","Freehold",104
"43, Masefield Way, CW11 3ZJ","https://housemetric.co.uk/30071194/CW11-3ZJ/43","Nov 2024",217175,66,3290,"Semi-D","3","Freehold",236
"12, Lea Close, CW11 4HT","https://housemetric.co.uk/30086261/CW11-4HT/12","Nov 2024",350000,80,4375,"Detached","4","Freehold",308
"479, West Street, CW1 3HZ","https://housemetric.co.uk/30055353/CW1-3HZ/479","Nov 2024",99500,88,1130,"Terrace","2","Freehold",106
"13, Moreton Road, CW2 8QU","https://housemetric.co.uk/30057635/CW2-8QU/13","Nov 2024",135000,76,1776,"Semi-D","3","Freehold",244
"41, Sheringham Drive, CW1 3XJ","https://housemetric.co.uk/30061455/CW1-3XJ/41","Nov 2024",163000,59,2762,"Semi-D","3","Freehold",176
"69, Remer Street, CW1 4LU","https://housemetric.co.uk/30069444/CW1-4LU/69","Nov 2024",172000,71,2422,"Semi-D","2","Freehold",276
"33, Ivatt Drive, CW2 6BF","https://housemetric.co.uk/30194055/CW2-6BF/33","Nov 2024",97500,56,1741,"Flat","2","Freehold",
"19, Sherwin Street, CW2 6DJ","https://housemetric.co.uk/30076250/CW2-6DJ/19","Oct 2024",148000,104,1423,"Terrace","3","Freehold",117
"30, Bracken Close, ST7 3JA","https://housemetric.co.uk/30086257/ST7-3JA/30","Oct 2024",224000,81,2765,"Semi-D","3","Freehold",244
"30, Rutland Close, CW11 3NX","https://housemetric.co.uk/30147695/CW11-3NX/30","Oct 2024",155000,53,2924,"Terrace","2","Freehold",118
"1, Chapel Lane, ST7 3SD","https://housemetric.co.uk/30086273/ST7-3SD/1","Oct 2024",330000,98,3367,"Detached","4","Freehold",213
"7, Chapel Lane, ST7 3SD","https://housemetric.co.uk/30155295/ST7-3SD/7","Oct 2024",240000,104,2307,"Semi-D","3","Freehold",212
"36, Rudheath Close, CW2 8TL","https://housemetric.co.uk/30057638/CW2-8TL/36","Oct 2024",135000,78,1730,"Semi-D","3","Freehold",357
"8, The Crescent, CW10 9HH","https://housemetric.co.uk/30076148/CW10-9HH/8","Oct 2024",115000,77,1493,"Semi-D","2","Freehold",295
"93, Gainsborough Road, CW2 7PJ","https://housemetric.co.uk/29970725/CW2-7PJ/93","Oct 2024",114000,84,1357,"Terrace","2","Freehold",147
"34, Lodge Road, ST7 2HD","https://housemetric.co.uk/30064015/ST7-2HD/34","Oct 2024",575000,281,2046,"Semi-D","5","Freehold",895
"18, Crewe Green Avenue, CW1 5NT","https://housemetric.co.uk/30081285/CW1-5NT/18","Oct 2024",284000,100,2840,"Detached","3","Freehold",280
"110, Gainsborough Road, CW2 7PL","https://housemetric.co.uk/30087074/CW2-7PL/110","Oct 2024",205000,65,3153,"Semi-D","3","Freehold",272
"4, Gowy Close, ST7 2HX","https://housemetric.co.uk/29952113/ST7-2HX/4","Oct 2024",180000,72,2500,"Semi-D","3","Freehold",
"47, Kingsley Road, CW1 5PG","https://housemetric.co.uk/30045577/CW1-5PG/47","Oct 2024",215000,78,2756,"Semi-D","3","Freehold",284
"17, Sandiford Road, CW4 7BY","https://housemetric.co.uk/30055364/CW4-7BY/17","Oct 2024",280000,74,3783,"Semi-D","3","Freehold",300
"6, Allman Close, CW1 3NY","https://housemetric.co.uk/30057761/CW1-3NY/6","Oct 2024",295000,125,2360,"Detached","4","Freehold",271
"12, Foxholme Court, CW1 5HF","https://housemetric.co.uk/30057959/CW1-5HF/12","Oct 2024",120000,65,1846,"Flat","2","Freehold",
"37, Broxton Avenue, CW10 0SE","https://housemetric.co.uk/30064860/CW10-0SE/37","Oct 2024",237000,85,2788,"Detached","3","Freehold",339
"29, Brynlow Drive, CW10 0PD","https://housemetric.co.uk/30066576/CW10-0PD/29","Oct 2024",293000,93,3150,"Detached","3","Freehold",413
"17, Cresswellshaw Road, ST7 2NL","https://housemetric.co.uk/30067572/ST7-2NL/17","Oct 2024",230000,88,2613,"Semi-D","3","Freehold",334
"42, Lord Street, CW2 7DH","https://housemetric.co.uk/30075927/CW2-7DH/42","Oct 2024",130000,88,1477,"Terrace","3","Freehold",111
"17, Eaton Road, ST7 2BQ","https://housemetric.co.uk/30086264/ST7-2BQ/17","Oct 2024",305000,120,2541,"Detached","3","Freehold",454
"74, Heron Way, CW11 3AU","https://housemetric.co.uk/30130315/CW11-3AU/74","Oct 2024",210000,67,3134,"Semi-D","","Freehold",
"13, Hungerford Terrace, CW1 6HF","https://housemetric.co.uk/30263936/CW1-6HF/13","Oct 2024",150000,118,1271,"Terrace","4","Freehold",
"37, Crewe Road, ST7 2EY","https://housemetric.co.uk/29962696/ST7-2EY/37","Oct 2024",690000,205,3365,"Detached","4","Freehold",656
"207, Underwood Lane, CW1 3SE","https://housemetric.co.uk/29973547/CW1-3SE/207","Oct 2024",140000,99,1414,"Terrace","2","Freehold",165
"236, Walthall Street, CW2 7LD","https://housemetric.co.uk/30061836/CW2-7LD/236","Oct 2024",145000,114,1271,"Terrace","3","Freehold",126
"70, Verdin Court, CW1 3YH","https://housemetric.co.uk/30094238/CW1-3YH/70","Oct 2024",162000,57,2842,"Semi-D","2","Freehold",171
"7, Lyceum Way, CW1 3YF","https://housemetric.co.uk/30094245/CW1-3YF/7","Oct 2024",220000,65,3384,"Detached","3","Freehold",189
"57, Pikemere Road, ST7 2SN","https://housemetric.co.uk/30057747/ST7-2SN/57","Oct 2024",485000,86,5639,"Detached Bungalow","4","Freehold",533
"69, Elm Drive, CW1 4EL","https://housemetric.co.uk/30061473/CW1-4EL/69","Oct 2024",137500,85,1617,"Terrace","4","Freehold",203
"27, Gresty Terrace, CW1 5EN","https://housemetric.co.uk/30063374/CW1-5EN/27","Oct 2024",110000,71,1549,"Terrace","3","Freehold",111
"27, Hulme Street, CW1 3PB","https://housemetric.co.uk/30081529/CW1-3PB/27","Oct 2024",105000,75,1400,"Terrace","2","Freehold",103
"25, Congleton Road, CW11 1HG","https://housemetric.co.uk/30329027/CW11-1HG/25","Oct 2024",440000,118,3728,"Detached","4","Freehold",530
"37, Marley Avenue, CW1 3SN","https://housemetric.co.uk/29955439/CW1-3SN/37","Oct 2024",175000,73,2397,"Semi-D Bungalow","3","Freehold",317
"20, Darlington Street, CW10 9AJ","https://housemetric.co.uk/30061841/CW10-9AJ/20","Oct 2024",168000,85,1976,"Terrace","2","Freehold",81
"19, Dexter Way, CW10 9GH","https://housemetric.co.uk/29958422/CW10-9GH/19","Oct 2024",345000,112,3080,"Detached","4","Freehold",304
"26, Farrier Court, CW1 4NY","https://housemetric.co.uk/29961601/CW1-4NY/26","Oct 2024",225000,122,1844,"Terrace","4","Freehold",161
"25, Doddington Road, CW2 8NQ","https://housemetric.co.uk/30005474/CW2-8NQ/25","Oct 2024",115000,83,1385,"Semi-D Bungalow","3","Freehold",480
"42, Mablins Lane, CW1 3RF","https://housemetric.co.uk/30010310/CW1-3RF/42","Oct 2024",170000,79,2151,"Semi-D","3","Freehold",247
"42, Roman Way, CW11 3EW","https://housemetric.co.uk/30045580/CW11-3EW/42","Oct 2024",275000,86,3197,"Detached","4","Freehold",315
"4, Lawrence Avenue, CW10 9DP","https://housemetric.co.uk/30057755/CW10-9DP/4","Oct 2024",170000,75,2266,"Semi-D","2","Freehold",238
"5, Moss Fields, ST7 2LA","https://housemetric.co.uk/30059859/ST7-2LA/5","Oct 2024",210000,85,2470,"Terrace","3","Freehold",367
"44, Hall Drive, ST7 2UD","https://housemetric.co.uk/30065077/ST7-2UD/44","Oct 2024",340000,111,3063,"Detached","","Freehold",
"562, Crewe Road, CW11 3RY","https://housemetric.co.uk/30148965/CW11-3RY/562","Oct 2024",225000,69,3260,"Semi-D","3","Freehold",389
"1, Smallwood Close, CW10 0PP","https://housemetric.co.uk/29973499/CW10-0PP/1","Oct 2024",302000,107,2822,"Detached","4","Freehold",309
"99, Crewe Road, ST7 2JE","https://housemetric.co.uk/29962629/ST7-2JE/99","Oct 2024",491000,122,4024,"Detached","4","Freehold",820
"78, Samuel Street, CW1 3AE","https://housemetric.co.uk/29963087/CW1-3AE/78","Oct 2024",117000,87,1344,"Terrace","2","Freehold",101
"260, Booth Lane, CW10 0HA","https://housemetric.co.uk/29952263/CW10-0HA/260","Oct 2024",199950,88,2272,"Semi-D","2","Freehold",237
"6, Lea Drive, CW10 0LX","https://housemetric.co.uk/29973520/CW10-0LX/6","Oct 2024",215000,91,2362,"Semi-D","3","Freehold",425
"18, Lea Close, CW11 4HT","https://housemetric.co.uk/30086265/CW11-4HT/18","Oct 2024",266000,79,3367,"Detached","3","Freehold",237
"24, Remer Street, CW1 4LT","https://housemetric.co.uk/29962644/CW1-4LT/24","Oct 2024",135000,77,1753,"Semi-D","2","Freehold",312
"7, Valley Close, ST7 2HU","https://housemetric.co.uk/29952259/ST7-2HU/7","Oct 2024",335000,137,2445,"Semi-D","5","Freehold",
"10, Beeston Close, CW10 0SH","https://housemetric.co.uk/29961599/CW10-0SH/10","Oct 2024",227000,74,3067,"Detached Bungalow","2","Freehold",392
"19, Hadrian Way, CW10 9RB","https://housemetric.co.uk/30057695/CW10-9RB/19","Oct 2024",300000,106,2830,"Detached","4","Freehold",227
"29, London Road, CW11 3BE","https://housemetric.co.uk/30064007/CW11-3BE/29","Oct 2024",147000,94,1563,"Terrace","2","Freehold",135
"2, Furnival Street, CW11 1DJ","https://housemetric.co.uk/30067552/CW11-1DJ/2","Oct 2024",245000,110,2227,"Terrace","2","Freehold",82
"18, Eardswick Road, CW10 0DT","https://housemetric.co.uk/30081819/CW10-0DT/18","Oct 2024",155000,61,2540,"Terrace","2","Freehold",201
"47, Gresty Terrace, CW1 5EN","https://housemetric.co.uk/30124100/CW1-5EN/47","Oct 2024",80000,71,1126,"Terrace","2","Freehold",104
"417, West Street, CW1 3HZ","https://housemetric.co.uk/30145055/CW1-3HZ/417","Oct 2024",85000,73,1164,"Terrace","2","Freehold",96
"74, Hassall Road, CW11 4HN","https://housemetric.co.uk/30263941/CW11-4HN/74","Oct 2024",280000,72,3888,"Terrace","2","Freehold",189
"12a, Gowy Close, ST7 2HX","https://housemetric.co.uk/30329049/ST7-2HX/12a","Oct 2024",215000,73,2945,"Semi-D","3","Freehold",
"20, Vicarage Gardens, CW11 3BZ","https://housemetric.co.uk/30063383/CW11-3BZ/20","Oct 2024",320000,109,2935,"Detached","4","Freehold",343
"218, Hungerford Road, CW1 6EX","https://housemetric.co.uk/30070283/CW1-6EX/218","Oct 2024",151000,91,1659,"Terrace","3","Freehold",146
"340, Hungerford Road, CW1 6HD","https://housemetric.co.uk/30411437/CW1-6HD/340","Oct 2024",160000,187,855,"Terrace","4","Freehold",
"6, Pembroke Place, CW10 9QU","https://housemetric.co.uk/29974536/CW10-9QU/6","Oct 2024",230000,90,2555,"Detached","","Freehold",278
"20, Harbutts Court, CW10 9PU","https://housemetric.co.uk/30069424/CW10-9PU/20","Oct 2024",155000,69,2246,"Flat","2","Freehold",
"9, Jesmond Crescent, CW2 7NJ","https://housemetric.co.uk/29946354/CW2-7NJ/9","Oct 2024",195000,84,2321,"Semi-D","3","Freehold",280
"3, The Brambles, CW1 5RA","https://housemetric.co.uk/29955405/CW1-5RA/3","Oct 2024",345000,117,2948,"Detached","4","Freehold",375
"1, Dane Street, CW10 9EF","https://housemetric.co.uk/30124098/CW10-9EF/1","Oct 2024",93000,80,1162,"Terrace","3","Freehold",83
"190, Middlewich Street, CW1 4DL","https://housemetric.co.uk/29946192/CW1-4DL/190","Oct 2024",199000,85,2341,"Semi-D","3","Freehold",269
"11, Kempton Avenue, CW1 3TB","https://housemetric.co.uk/29946194/CW1-3TB/11","Oct 2024",160000,70,2285,"Semi-D Bungalow","3","Freehold",345
"Flat 26 Worsdell House, Blount Close, CW1 3BF","https://housemetric.co.uk/29964170/CW1-3BF/Worsdell+House","Oct 2024",95000,52,1826,"Flat","2","Freehold",
"31, Brynlow Drive, CW10 0PD","https://housemetric.co.uk/29970612/CW10-0PD/31","Oct 2024",293000,101,2900,"Detached","4","Freehold",358
"72, Dunnocksfold Road, ST7 2TW","https://housemetric.co.uk/29974539/ST7-2TW/72","Oct 2024",545000,160,3406,"Detached","4","Freehold",715
"11, Padworth Place, CW1 4TN","https://housemetric.co.uk/29983828/CW1-4TN/11","Oct 2024",150000,60,2500,"Semi-D","2","Freehold",181
"22, London Road, CW11 3BD","https://housemetric.co.uk/30013053/CW11-3BD/22","Oct 2024",143000,58,2465,"Terrace","2","Freehold",115
"14, Lawton Street, CW2 7HZ","https://housemetric.co.uk/30040560/CW2-7HZ/14","Oct 2024",110000,84,1309,"Terrace","3","Freehold",105
"20, Sunnymill Drive, CW11 4NB","https://housemetric.co.uk/30057779/CW11-4NB/20","Oct 2024",210000,99,2121,"Terrace","3","Freehold",
"56, Rolt Crescent, CW10 0BE","https://housemetric.co.uk/30067547/CW10-0BE/56","Oct 2024",210000,71,2957,"Semi-D","2","Freehold",230
"39, Rushton Drive, CW10 0NJ","https://housemetric.co.uk/30158206/CW10-0NJ/39","Oct 2024",265000,80,3312,"Detached","3","Freehold",216
"26, Jubilee Pastures, CW10 0AS","https://housemetric.co.uk/30420178/CW10-0AS/26","Oct 2024",235000,90,2611,"Detached","","Freehold",263
"48, Sandbach Road, ST7 3RN","https://housemetric.co.uk/29945831/ST7-3RN/48","Oct 2024",157000,68,2308,"Terrace","2","Freehold",161
"13, Charlesworth Street, CW1 4DE","https://housemetric.co.uk/29963088/CW1-4DE/13","Oct 2024",133000,60,2216,"Terrace","2","Freehold",126
"19, Flixton Drive, CW2 8AP","https://housemetric.co.uk/29983855/CW2-8AP/19","Oct 2024",212000,80,2650,"Semi-D","3","Freehold",250
"331, West Street, CW1 3HU","https://housemetric.co.uk/30122369/CW1-3HU/331","Oct 2024",69000,74,932,"Terrace","2","Freehold",98
"56, Elworth Street, CW11 1HA","https://housemetric.co.uk/30266560/CW11-1HA/56","Oct 2024",147500,76,1940,"Terrace","2","Freehold",327
"18, Chesterton Close, CW10 0RL","https://housemetric.co.uk/30323035/CW10-0RL/18","Oct 2024",162000,56,2892,"Terrace","2","Freehold",143
"12, Whirley Close, CW10 0NX","https://housemetric.co.uk/29968546/CW10-0NX/12","Oct 2024",235000,69,3405,"Semi-D","3","Freehold",384
"18, Honiton Way, CW10 9QS","https://housemetric.co.uk/29962694/CW10-9QS/18","Sep 2024",180000,89,2022,"Semi-D","3","Freehold",142
"292, Booth Lane, CW10 0HA","https://housemetric.co.uk/29967173/CW10-0HA/292","Sep 2024",135000,68,1985,"Terrace","2","Freehold",95
"93, Remer Street, CW1 4LU","https://housemetric.co.uk/29967237/CW1-4LU/93","Sep 2024",213000,90,2366,"Semi-D","3","Freehold",331
"18, Moreton Road, CW2 8QU","https://housemetric.co.uk/29909763/CW2-8QU/18","Sep 2024",170000,77,2207,"Semi-D","2","Freehold",292
"38, Barthomley Crescent, CW2 8TW","https://housemetric.co.uk/29946349/CW2-8TW/38","Sep 2024",150000,84,1785,"Semi-D","3","Freehold",242
"77, Derwent Close, ST7 2EL","https://housemetric.co.uk/29947731/ST7-2EL/77","Sep 2024",260000,69,3768,"Detached Bungalow","2","Freehold",528
"31, Vincent Street, CW1 4AA","https://housemetric.co.uk/29947752/CW1-4AA/31","Sep 2024",82000,83,987,"Terrace","2","Freehold",127
"30, Fields Drive, CW11 1YB","https://housemetric.co.uk/29952124/CW11-1YB/30","Sep 2024",415000,114,3640,"Detached Bungalow","3","Freehold",538
"1, Pelham Close, CW1 5TZ","https://housemetric.co.uk/29952256/CW1-5TZ/1","Sep 2024",315000,135,2333,"Semi-D","4","Freehold",322
"27, Portland Grove, CW1 5TY","https://housemetric.co.uk/29956946/CW1-5TY/27","Sep 2024",190000,66,2878,"Semi-D","3","Freehold",204
"18, Woodland Gardens, CW1 4JS","https://housemetric.co.uk/29962662/CW1-4JS/18","Sep 2024",215000,71,3028,"Detached Bungalow","3","Freehold",455
"5, Brook Close, CW1 6HR","https://housemetric.co.uk/29962689/CW1-6HR/5","Sep 2024",200000,100,2000,"Semi-D","2","Freehold",232
"72, Bradfield Road, CW1 3RB","https://housemetric.co.uk/29962807/CW1-3RB/72","Sep 2024",197000,93,2118,"Semi-D","3","Freehold",433
"6, Monarch Close, CW2 7UF","https://housemetric.co.uk/29963114/CW2-7UF/6","Sep 2024",150000,70,2142,"Terrace","3","Freehold",155
"8, Dunoon Close, CW4 7LL","https://housemetric.co.uk/29967174/CW4-7LL/8","Sep 2024",300000,70,4285,"Semi-D","3","Freehold",165
"19b, Clough Walk, CW2 6LL","https://housemetric.co.uk/29970737/CW2-6LL/19b","Sep 2024",57000,76,750,"Flat","2","Freehold",
"23, Station Road, CW4 7AY","https://housemetric.co.uk/29973675/CW4-7AY/23","Sep 2024",410000,131,3129,"Semi-D","3","Freehold",319
"20, Charlesworth Street, CW1 4DE","https://housemetric.co.uk/29983816/CW1-4DE/20","Sep 2024",100000,60,1666,"Terrace","2","Freehold",149
"54, The Dingle, CW1 5SD","https://housemetric.co.uk/30002011/CW1-5SD/54","Sep 2024",300000,110,2727,"Semi-D","3","Freehold",657
"69, Heathend Road, ST7 2SH","https://housemetric.co.uk/30005458/ST7-2SH/69","Sep 2024",250000,85,2941,"Semi-D","3","Freehold",377
"9, Bidvale Way, CW1 4NU","https://housemetric.co.uk/30018381/CW1-4NU/9","Sep 2024",80000,51,1568,"Terrace","2","Freehold",84
"173, Crewe Road, CW1 5RL","https://housemetric.co.uk/30067577/CW1-5RL/173","Sep 2024",170000,71,2394,"Terrace","2","Freehold",183
"121, Bradwall Road, CW11 1AW","https://housemetric.co.uk/30318299/CW11-1AW/121","Sep 2024",185000,61,3032,"Semi-D Bungalow","2","Freehold",293
"2, Benjafield Court, CW1 3GL","https://housemetric.co.uk/29888757/CW1-3GL/2","Sep 2024",200000,109,1834,"Terrace","3","Freehold",128
"292, Alton Street, CW2 7RY","https://housemetric.co.uk/29946371/CW2-7RY/292","Sep 2024",120000,86,1395,"Terrace","3","Freehold",137
"8, George Vi Close, CW10 0DF","https://housemetric.co.uk/29952274/CW10-0DF/8","Sep 2024",133000,61,2180,"Terrace","2","Freehold",207
"3, Valley Close, ST7 2HU","https://housemetric.co.uk/30263956/ST7-2HU/3","Sep 2024",320000,92,3478,"Detached","4","Freehold",382
"2, Betley Street, CW1 2LE","https://housemetric.co.uk/29911525/CW1-2LE/2","Sep 2024",119000,58,2051,"Terrace","2","Freehold",102
"29, Summer Drive, CW11 4EJ","https://housemetric.co.uk/29967246/CW11-4EJ/29","Sep 2024",90000,53,1698,"Flat","1","Freehold",
"5, Franklyn Avenue, CW2 7NF","https://housemetric.co.uk/29974660/CW2-7NF/5","Sep 2024",212500,94,2260,"Terrace","3","Freehold",298
"23, Heath Road, CW11 2JD","https://housemetric.co.uk/29983859/CW11-2JD/23","Sep 2024",230000,71,3239,"Semi-D Bungalow","2","Freehold",418
"6, Sutton Lane, CW10 9AU","https://housemetric.co.uk/30328084/CW10-9AU/6","Sep 2024",100000,42,2380,"Terrace","1","Freehold",62
"7, Grenville Close, CW1 5TU","https://housemetric.co.uk/29909269/CW1-5TU/7","Sep 2024",270000,101,2673,"Semi-D","3","Freehold",285
"10, St Johns Way, CW11 2LY","https://housemetric.co.uk/29909760/CW11-2LY/10","Sep 2024",315000,62,5080,"Detached Bungalow","3","Freehold",348
"22, Sandown Road, CW1 3TF","https://housemetric.co.uk/29945859/CW1-3TF/22","Sep 2024",195000,71,2746,"Semi-D Bungalow","3","Freehold",278
"6, Tollitt Street, CW1 2LD","https://housemetric.co.uk/29946219/CW1-2LD/6","Sep 2024",125000,68,1838,"Terrace","2","Freehold",93
"4, Malt Kiln Way, CW11 1JL","https://housemetric.co.uk/29952425/CW11-1JL/4","Sep 2024",270000,101,2673,"Terrace","3","Freehold",
"5, Harbutts Court, CW10 9PU","https://housemetric.co.uk/29964187/CW10-9PU/5","Sep 2024",98000,67,1462,"Flat","","Freehold",
"11, Melrose Drive, CW1 3YD","https://housemetric.co.uk/29967178/CW1-3YD/11","Sep 2024",225000,74,3040,"Detached","3","Freehold",202
"13, Dee Close, CW11 1XJ","https://housemetric.co.uk/29910967/CW11-1XJ/13","Sep 2024",260000,55,4727,"Semi-D Bungalow","2","Freehold",235
"12, Oakland Avenue, CW1 5PB","https://housemetric.co.uk/29964162/CW1-5PB/12","Sep 2024",135500,91,1489,"Terrace","2","Freehold",97
"5, Warmingham Road, CW1 4PU","https://housemetric.co.uk/29964172/CW1-4PU/5","Sep 2024",345000,105,3285,"Semi-D","3","Freehold",919
"11, Cranebrook Close, CW1 3YW","https://housemetric.co.uk/29970751/CW1-3YW/11","Sep 2024",267000,114,2342,"Detached","4","Freehold",283
"217, Middlewich Street, CW1 4DN","https://housemetric.co.uk/30008854/CW1-4DN/217","Sep 2024",120000,85,1411,"Semi-D","3","Freehold",321
"2, St Matthews Close, CW1 5TW","https://housemetric.co.uk/29911542/CW1-5TW/2","Sep 2024",240000,66,3636,"Semi-D Bungalow","3","Freehold",338
"5, Tytherington Close, CW10 0NN","https://housemetric.co.uk/30067539/CW10-0NN/5","Sep 2024",240000,67,3582,"Detached","3","Freehold",173
"39, Coleridge Way, CW1 5JW","https://housemetric.co.uk/29973556/CW1-5JW/39","Sep 2024",170000,98,1734,"Semi-D","3","Freehold",268
"82, Queens Park Gardens, CW2 7SW","https://housemetric.co.uk/30000858/CW2-7SW/82","Sep 2024",60000,25,2400,"Flat","1","Freehold",
"17, Teal Drive, CW11 3JT","https://housemetric.co.uk/30332242/CW11-3JT/17","Sep 2024",272000,91,2989,"Detached","","Freehold",
"207, Ford Lane, CW1 3JH","https://housemetric.co.uk/29876561/CW1-3JH/207","Sep 2024",215000,102,2107,"Terrace","2","Freehold",194
"6, Peter Fletcher Crescent, CW11 3AP","https://housemetric.co.uk/29909336/CW11-3AP/6","Sep 2024",215000,69,3115,"Semi-D","","Freehold",174
"14, Flavian Close, CW10 9RE","https://housemetric.co.uk/29954731/CW10-9RE/14","Sep 2024",260000,121,2148,"Semi-D","3","Freehold",
"17, Elm Drive, CW4 7QA","https://housemetric.co.uk/30256932/CW4-7QA/17","Sep 2024",430000,81,5308,"Detached Bungalow","4","Freehold",356
"21, Newfield Street, CW11 1HE","https://housemetric.co.uk/30257857/CW11-1HE/21","Sep 2024",222500,66,3371,"Terrace","2","Freehold",80
"210, Henry Street, CW1 4BG","https://housemetric.co.uk/30324337/CW1-4BG/210","Sep 2024",110000,97,1134,"Terrace","3","Freehold",160
"98, St Anns Road, CW10 9BZ","https://housemetric.co.uk/29885712/CW10-9BZ/98","Sep 2024",320000,102,3137,"Semi-D","3","Freehold",428
"29, Chartley Grove, CW10 9GG","https://housemetric.co.uk/30328076/CW10-9GG/29","Sep 2024",200000,83,2409,"Terrace","3","Freehold",164
"39, Lime Tree Avenue, CW1 4HN","https://housemetric.co.uk/29887793/CW1-4HN/39","Sep 2024",152500,84,1815,"Terrace","3","Freehold",379
"7, Maple Close, CW11 4JL","https://housemetric.co.uk/29911022/CW11-4JL/7","Sep 2024",268000,85,3152,"Semi-D","3","Freehold",215
"Flat 8 Mere Court, Sandbach Road North, ST7 2AP","https://housemetric.co.uk/29885183/ST7-2AP/Mere+Court","Sep 2024",210000,91,2307,"Flat","2","Freehold",
"8, Hollycroft, CW12 4SH","https://housemetric.co.uk/29885757/CW12-4SH/8","Sep 2024",565000,177,3192,"Detached","5","Freehold",611
"24, Elmstead Crescent, CW1 3PX","https://housemetric.co.uk/29910496/CW1-3PX/24","Sep 2024",350000,139,2517,"Detached","4","Freehold",336
"2, Burns Drive, CW1 5JP","https://housemetric.co.uk/29965239/CW1-5JP/2","Sep 2024",165000,61,2704,"Semi-D Bungalow","2","Freehold",261
"20, Henry Street, CW1 5PS","https://housemetric.co.uk/30258615/CW1-5PS/20","Sep 2024",210000,83,2530,"Terrace","2","Freehold",192
"14, Laxton Way, CW10 9EN","https://housemetric.co.uk/30325092/CW10-9EN/14","Sep 2024",130000,56,2321,"Terrace Bungalow","2","Freehold",
"8, Culland Street, CW2 6DQ","https://housemetric.co.uk/30190266/CW2-6DQ/8","Sep 2024",112000,90,1244,"Terrace","3","Freehold",102
"16, Wrenmere Close, CW11 1XS","https://housemetric.co.uk/29910522/CW11-1XS/16","Sep 2024",440000,141,3120,"Detached","4","Freehold",268
"14, Byron Close, CW10 0RD","https://housemetric.co.uk/29911529/CW10-0RD/14","Sep 2024",185000,70,2642,"Semi-D","3","Freehold",264
"22, Sunnymill Drive, CW11 4NB","https://housemetric.co.uk/29885759/CW11-4NB/22","Sep 2024",220000,97,2268,"Terrace","3","Freehold",
"22, Ettiley Avenue, CW11 3ND","https://housemetric.co.uk/30318307/CW11-3ND/22","Sep 2024",210000,73,2876,"Semi-D","2","Freehold",431
"30, Bedford Street, CW2 6JA","https://housemetric.co.uk/29882733/CW2-6JA/30","Aug 2024",105000,72,1458,"Terrace","2","Freehold",101
"40, Capenhurst Avenue, CW2 8NN","https://housemetric.co.uk/29885168/CW2-8NN/40","Aug 2024",170000,84,2023,"Semi-D","3","Freehold",350
"59, Richard Street, CW1 3AG","https://housemetric.co.uk/29885194/CW1-3AG/59","Aug 2024",107500,83,1295,"Terrace","3","Freehold",100
"205, Middlewich Street, CW1 4DN","https://housemetric.co.uk/29907474/CW1-4DN/205","Aug 2024",119000,64,1859,"Semi-D","3","Freehold",340
"4, Wrights Lane, CW11 2JX","https://housemetric.co.uk/29909290/CW11-2JX/4","Aug 2024",155000,52,2980,"Terrace","3","Freehold",146
"47, Sutton Lane, CW10 0AH","https://housemetric.co.uk/29909750/CW10-0AH/47","Aug 2024",158000,67,2358,"Terrace","2","Freehold",438
"37, Hind Heath Road, CW11 3LG","https://housemetric.co.uk/29909786/CW11-3LG/37","Aug 2024",268000,59,4542,"Semi-D Bungalow","2","Freehold",431
"20, Eastgate Road, CW4 7BW","https://housemetric.co.uk/29973495/CW4-7BW/20","Aug 2024",260000,71,3661,"Detached Bungalow","2","Freehold",413
"4, Browning Close, CW11 3ZH","https://housemetric.co.uk/30013052/CW11-3ZH/4","Aug 2024",295000,93,3172,"Detached","4","Freehold",271
"10, The Windings, CW10 9GW","https://housemetric.co.uk/30086320/CW10-9GW/10","Aug 2024",365000,109,3348,"Detached","4","Freehold",406
"46, St Anns Road, CW10 9BN","https://housemetric.co.uk/30323047/CW10-9BN/46","Aug 2024",295000,104,2836,"Semi-D","3","Freehold",424
"1, Russell Avenue, ST7 2BL","https://housemetric.co.uk/29718505/ST7-2BL/1","Aug 2024",295000,52,5673,"Detached Bungalow","3","Freehold",330
"18, Walthall Street, CW2 7LA","https://housemetric.co.uk/29891588/CW2-7LA/18","Aug 2024",135000,102,1323,"Terrace","2","Freehold",95
"6, Dean Street, CW10 9DW","https://housemetric.co.uk/29895394/CW10-9DW/6","Aug 2024",125000,78,1602,"Terrace","3","Freehold",91
"13, Waterloo Road, CW1 5TF","https://housemetric.co.uk/29905014/CW1-5TF/13","Aug 2024",240000,91,2637,"Semi-D","2","Freehold",237
"Flat 15 Embury Court, Welles Street, CW11 1JR","https://housemetric.co.uk/30154293/CW11-1JR/Embury+Court","Aug 2024",112500,77,1461,"Flat","2","Freehold",
"26, Henry Street, CW1 5PS","https://housemetric.co.uk/30328083/CW1-5PS/26","Aug 2024",253000,87,2908,"Semi-D","3","Freehold",182
